{"features": ["surface_numeric", "pieces", "chambres", "sallesdebain", "meuble", "neuf", "parking", "ascenseur", "balcon_terrasse", "climatisation", "chauffage", "jardin", "piscine"], "mae": 499.39203135797726, "rmse": 668.3380151342977, "r2": 0.5495191800312886, "params": {"max_depth": 8, "n_estimators": 274, "learning_rate": 0.0179349613350192, "subsample": 0.7188272160700884, "colsample_bytree": 0.9064088785089357}}