{"features": ["surface_numeric", "pieces", "chambres", "sallesdebain", "meuble", "neuf", "parking", "ascenseur", "balcon_terrasse", "climatisation", "chauffage", "jardin", "piscine"], "mae": 15740245.445089992, "rmse": 105176521.7660774, "r2": -0.05950154254555606, "params": {"max_depth": 6, "n_estimators": 100, "learning_rate": 0.027820529297109323, "subsample": 0.9444315828641259, "colsample_bytree": 0.9224280105976901}}