{"features": ["surface_numeric", "pieces", "chambres", "sallesdebain", "meuble", "neuf", "parking", "ascenseur", "balcon_terrasse", "climatisation", "chauffage", "jardin", "piscine"], "mae": 129422.92460466867, "rmse": 271633.1357069384, "r2": 0.5038732586537544, "params": {"max_depth": 7, "n_estimators": 265, "learning_rate": 0.03701705614100631, "subsample": 0.9960557296190305, "colsample_bytree": 0.9410539763821114}}