{"features": ["surface_numeric", "pieces", "chambres", "sallesdebain", "meuble", "neuf", "parking", "ascenseur", "balcon_terrasse", "climatisation", "chauffage", "jardin", "piscine"], "mae": 1130.8685668863056, "rmse": 1449.704505894336, "r2": 0.4803412491514767, "params": {"max_depth": 4, "n_estimators": 224, "learning_rate": 0.041111453845768586, "subsample": 0.7934981649145474, "colsample_bytree": 0.7067413938479369}}