{"features": ["surface_numeric", "pieces", "chambres", "sallesdebain", "meuble", "neuf", "parking", "ascenseur", "balcon_terrasse", "climatisation", "chauffage", "jardin", "piscine"], "mae": 2773696.954159494, "rmse": 22850147.259313624, "r2": -0.014126963471057019, "params": {"max_depth": 8, "n_estimators": 364, "learning_rate": 0.04499128381134803, "subsample": 0.9768528979702444, "colsample_bytree": 0.9394038706093573}}