{"features": ["surface_numeric", "pieces", "chambres", "sallesdebain", "meuble", "neuf", "parking", "ascenseur", "balcon_terrasse", "climatisation", "chauffage", "jardin", "piscine"], "mae": 1694844.870505137, "rmse": 10221944.067101782, "r2": -0.14141921873799568, "params": {"max_depth": 6, "n_estimators": 459, "learning_rate": 0.017314944052173712, "subsample": 0.9962097668850156, "colsample_bytree": 0.9969266780562025}}