{"features": ["surface_numeric", "pieces", "chambres", "sallesdebain", "meuble", "neuf", "parking", "ascenseur", "balcon_terrasse", "climatisation", "chauffage", "jardin", "piscine"], "mae": 4330.053974988984, "rmse": 11074.906706768714, "r2": -0.44525331708419924, "params": {"max_depth": 6, "n_estimators": 292, "learning_rate": 0.01015014044364142, "subsample": 0.8885879965461793, "colsample_bytree": 0.6967074400585975}}