{"features": ["surface_numeric", "pieces", "chambres", "sallesdebain", "meuble", "neuf", "parking", "ascenseur", "balcon_terrasse", "climatisation", "chauffage", "jardin", "piscine"], "mae": 93139.50180445956, "rmse": 132400.80435980813, "r2": 0.584372979241135, "params": {"max_depth": 6, "n_estimators": 401, "learning_rate": 0.018500219526916207, "subsample": 0.6340902341717158, "colsample_bytree": 0.5598806810445758}}