{"features": ["surface_numeric", "pieces", "chambres", "sallesdebain", "meuble", "neuf", "parking", "ascenseur", "balcon_terrasse", "climatisation", "chauffage", "jardin", "piscine"], "mae": 295230.34398697026, "rmse": 421030.5002082343, "r2": 0.4597977678184313, "params": {"max_depth": 6, "n_estimators": 497, "learning_rate": 0.023545343444990003, "subsample": 0.6134964670082522, "colsample_bytree": 0.5082177134093606}}