{"features": ["surface_numeric", "pieces", "chambres", "sallesdebain", "meuble", "neuf", "parking", "ascenseur", "balcon_terrasse", "climatisation", "chauffage", "jardin", "piscine"], "mae": 217520.78128991168, "rmse": 549766.1639716795, "r2": -2.26753545204887, "params": {"max_depth": 3, "n_estimators": 150, "learning_rate": 0.01465296814274956, "subsample": 0.7490278523844452, "colsample_bytree": 0.5046286865283961}}