{"features": ["surface_numeric", "pieces", "chambres", "sallesdebain", "meuble", "neuf", "parking", "ascenseur", "balcon_terrasse", "climatisation", "chauffage", "jardin", "piscine"], "mae": 1140694.555, "rmse": 3005319.402829016, "r2": -10.542930072006843, "params": {"max_depth": 6, "n_estimators": 442, "learning_rate": 0.046284964045272756, "subsample": 0.8410817259657342, "colsample_bytree": 0.9597977223447892}}