{"features": ["surface_numeric", "pieces", "chambres", "sallesdebain", "meuble", "neuf", "parking", "ascenseur", "balcon_terrasse", "climatisation", "chauffage", "jardin", "piscine"], "mae": 13186.916613322932, "rmse": 31337.707913460086, "r2": -1.4604145497527932, "params": {"max_depth": 8, "n_estimators": 192, "learning_rate": 0.011641454365189161, "subsample": 0.8673949988851151, "colsample_bytree": 0.9740810622658249}}